Product Name,Description,Image Link,Price,Rating,Store
"POCO C71 4+4G/128G Performa Cadas | 6.88"" 120Hz | Ekspansi RAM 8G / storage 128G [Official Store]",,https://p16-images-sign-sg.tokopedia-static.net/tos-alisg-i-aphluv4xwc-sg/d65192972cdc4698bf7028918083df06~tplv-aphluv4xwc-white-pad-v1:200:200.jpeg?lk3s=97278606&x-expires=1779178566&x-signature=2y%2B%2F4vjPtntkm%2FdvX3MVDdLktzA%3D&x-signature-webp=IC4B56d2Rm6ig1Nv87BiyQA8jXU%3D,Rp1.678.950,5.0,Xiaomi Indonesia
"Xiaomi Redmi 15C (6+128) (8+256) | Baterai 6000mAh | Layar Imersif 6.9"" 120Hz | 50 MP [Offical Store]",,https://p19-images-sign-sg.tokopedia-static.net/tos-alisg-i-aphluv4xwc-sg/c1932abbf7dd45a695cb845d4e1ff509~tplv-aphluv4xwc-white-pad-v1:200:200.jpeg?lk3s=97278606&x-expires=1779178566&x-signature=DdvMBfsHovNt%2BC9cLcU9XLaZ14o%3D&x-signature-webp=kjH078Pp44FriR7IV2ScgerG3JE%3D,Rp2.466.450,5.0,Xiaomi Indonesia
Xiaomi Redmi 15 (8/128) (8/256) Baterai besar 7000mAh | Ekspansi RAM hingga 16GB [Official Store],,https://p16-images-sign-sg.tokopedia-static.net/tos-alisg-i-aphluv4xwc-sg/339bf27c29db41458a8d50389af05ae8~tplv-aphluv4xwc-white-pad-v1:200:200.jpeg?lk3s=97278606&x-expires=1779178566&x-signature=FTKj1c85gNjpT3QGQ7EAq2RA%2FvY%3D&x-signature-webp=u2eDvwNi5d%2B3%2FknPpCoTUJyJ3Xs%3D,Rp2.728.950,5.0,Xiaomi Indonesia
"vivo Y03t - IP54 Tahan Air, AI Dual Camera 5000mAh + 15W FlashCharge, Layar Sunlight 90Hz",,https://p16-images-sign-sg.tokopedia-static.net/tos-alisg-i-aphluv4xwc-sg/37a7a5bc863943af89a75b8ebe0bcffc~tplv-aphluv4xwc-white-pad-v1:200:200.jpeg?lk3s=97278606&x-expires=1779178566&x-signature=9FWBKmFqUS30FnbdHRuuMDt9HD4%3D&x-signature-webp=513rVzWVbR5VDG%2FQwiZWGVjsOZw%3D,Rp1.799.000,5.0,vivo Indonesia
Xiaomi Redmi Note 15 (8/128 GB) (8/256 GB) | Baterai besar 6000mAh [Xiaomi Official Store],,https://p16-images-sign-sg.tokopedia-static.net/tos-alisg-i-aphluv4xwc-sg/3f8de068fdba436aabd1c232fb1f19e0~tplv-aphluv4xwc-white-pad-v1:200:200.jpeg?lk3s=97278606&x-expires=1779178566&x-signature=Fn7u2nq0QRyTbtSWdII78lx6UQE%3D&x-signature-webp=P%2FNBx3MQSzXszgKX2nDZdWLGUnQ%3D,Rp3.148.950,4.9,Xiaomi Indonesia
"POCO C85 (6/128) (8/256) Baterai 6000mAh 33W | Ekspansi RAM hingga 16GB | Layar 6.9"" 120Hz [Official Store]",,https://p16-images-sign-sg.tokopedia-static.net/tos-alisg-i-aphluv4xwc-sg/25d3c405fb164856845b1c6c004e0824~tplv-aphluv4xwc-white-pad-v1:200:200.jpeg?lk3s=97278606&x-expires=1779178566&x-signature=dz%2BbWFD65UH1vCyXztIdwCGTxik%3D&x-signature-webp=wDFNtpzrxNoUUAx3JmZ3kAWUI%2BU%3D,Rp2.151.450,5.0,Xiaomi Indonesia
POCO X8 Pro Series | POCO X8 Pro Max | POCO X8 Pro | Dimensity 9500s* | [Xiaomi Official Store],,https://p16-images-sign-sg.tokopedia-static.net/tos-alisg-i-aphluv4xwc-sg/83844825cd974260b3a1b215f163b4a4~tplv-aphluv4xwc-white-pad-v1:200:200.jpeg?lk3s=97278606&x-expires=1779178566&x-signature=6dDchB%2F5KZ9zk%2FRz3zR3Y0Gp67k%3D&x-signature-webp=b%2B7I22h0RTsbgEe%2Br%2BXGrx3tXKw%3D,Rp6.408.950,4.9,Xiaomi Indonesia
Xiaomi Redmi A7 Pro (4+64 GB) (4+128 GB) | Layar imersif 6.9 inch | Baterai 6000mAh (Typ) [Xiaomi Official Store],,https://p19-images-sign-sg.tokopedia-static.net/tos-alisg-i-aphluv4xwc-sg/05b6adabfe244605bfbe38488afb59a0~tplv-aphluv4xwc-white-pad-v1:200:200.jpeg?lk3s=97278606&x-expires=1779178566&x-signature=OhL%2Ft0XKy4Xw5ubWYQJLc17YE1k%3D&x-signature-webp=9TYkQRXDqTibf6y%2BQrfyZ3GDLb8%3D,Rp1.752.450,5.0,Xiaomi Indonesia
POCO M7 (8GB/256GB) Baterai besar 7000mAh dengan pengisian daya 33W [Official Store],,https://p16-images-sign-sg.tokopedia-static.net/tos-alisg-i-aphluv4xwc-sg/4bd537d6cb5841f68d8c5e14a2543d6a~tplv-aphluv4xwc-white-pad-v1:200:200.jpeg?lk3s=97278606&x-expires=1779178566&x-signature=fAjjC92SHTlCs2W2K8S5Qd8%2F7GA%3D&x-signature-webp=ZfJY2SbGsmsmlCEYlrViqidPbc0%3D,Rp2.886.450,5.0,Xiaomi Indonesia
APPLE iPhone 14 - iPhone 15 -  iPhone 16 -  iPhone 17 - MacBook - Garansi Resmi Apple Indonesia,,https://p16-images-sign-sg.tokopedia-static.net/tos-alisg-i-aphluv4xwc-sg/b7e7552d3c6c44969c54454bfc7216d0~tplv-aphluv4xwc-white-pad-v1:200:200.jpeg?lk3s=97278606&x-expires=1779178566&x-signature=kQC2yerRGlW2pnYVHtDfxkwUZCM%3D&x-signature-webp=IrFoDQeCdH2FUeH3SymX%2BEaC%2B7A%3D,Rp12.110.000,5.0,Collins Official
"vivo Y19s Pro - 6000mAh + 44W FlashCharge, Tahan Banting Ekstrem, Tahan Hujan IP64, Dual Stereo Speaker, 50MP Kamera Utama, AI Erase 2.0",,https://p16-images-sign-sg.tokopedia-static.net/tos-alisg-i-aphluv4xwc-sg/5f0ef238a14b4c6d999908f64d5b8972~tplv-aphluv4xwc-white-pad-v1:200:200.jpeg?lk3s=97278606&x-expires=1779178566&x-signature=AefH%2BbFUZhSlyv3Yj6pt48DQEmI%3D&x-signature-webp=0CGpkNjH6NhFgY8tr0bl9fw26lw%3D,Rp1.999.000,4.9,vivo Indonesia
"POCO C81 Pro (4GB/128G) (4GB/64GB) | Layar imersif 6.9"" | HP 1 Jutaan [Xiaomi Official Store]",,https://p16-images-sign-sg.tokopedia-static.net/tos-alisg-i-aphluv4xwc-sg/fc3c47c44cb14aa6bdf1823c71b5ab78~tplv-aphluv4xwc-white-pad-v1:200:200.jpeg?lk3s=97278606&x-expires=1779178566&x-signature=hQHDzlhsG4bSycXysHkgjc7Dl90%3D&x-signature-webp=pgZd0QwRWBQSG8MJQOS9ZS0KfCc%3D,Rp1.636.450,5.0,Xiaomi Indonesia
(FREE CASE) ADVAN X1 Mediatek Helio G100 8GB+8GB/128GB High Refresh Rate 120Hz IPS FHD+ 64MP Big Battery 5000mAh AI Camera UFS 2.2 NFC Fingerprint Android 14 Gaming Smartphone Handphone Fast Charging,,https://p16-images-sign-sg.tokopedia-static.net/tos-alisg-i-aphluv4xwc-sg/0f09efb9cb9346ff99802f22e45e038c~tplv-aphluv4xwc-white-pad-v1:200:200.jpeg?lk3s=97278606&x-expires=1779178566&x-signature=HCHoYIt4sj1QRYOjtHodtyR6PTM%3D&x-signature-webp=4AKckCtiDxKB%2Bz%2FmvniZnAZx2Ig%3D,Rp2.299.000,4.9,ADVAN INDONESIA
Infinix Smart 20 4/128GB - Up to 8GB Extended RAM - Mediatek Helio G81 - 6.78” - 8MP - 5200 mAh - IP64,,https://p16-images-sign-sg.tokopedia-static.net/tos-alisg-i-aphluv4xwc-sg/d7c0fc50902c4e01b42e26aed8096077~tplv-aphluv4xwc-white-pad-v1:200:200.jpeg?lk3s=97278606&x-expires=1779178566&x-signature=ikT7zuPDelQIJt4N5z6YW7Yvm8Q%3D&x-signature-webp=g%2Bl5qOWB16HaEsi2fx7THwB0XUs%3D,Rp1.899.000,5.0,Infinix Indonesia
Samsung Galaxy A56 5G RAM 8/256GB & 12/256GB Resmi SEIN Garansi Indonesia,,https://p16-images-sign-sg.tokopedia-static.net/tos-alisg-i-aphluv4xwc-sg/2164ebe1da22410d8703d7dd9d17d547~tplv-aphluv4xwc-white-pad-v1:200:200.jpeg?lk3s=97278606&x-expires=1779178566&x-signature=lYOEpQZgICM5zXCe5zn8pS7GEYg%3D&x-signature-webp=6JQrPsQwvetXuDNioys3TqhA1ys%3D,Rp6.144.000,4.9,Digitalisme Store
Xiaomi Poco C71 4/128GB Black Blue Gold Garansi Resmi,,https://p16-images-common-sign-sg.tokopedia-static.net/tos-maliva-i-o3syd03w52-us/d1605b46710547af950834cea798e609~tplv-o3syd03w52-resize-jpeg:200:200.jpeg?lk3s=97278606&x-expires=1779178566&x-signature=29UmSOs%2BSujXjhKUmv8M2AAND2k%3D&x-signature-webp=7CtCw0k1Ljr3wrZFCLeaEnVg%2Bko%3D,Rp1.679.000,4.9,Digitech Mall
Samsung Galaxy A07 LTE 4/128GB,,https://p16-images-sign-sg.tokopedia-static.net/tos-alisg-i-aphluv4xwc-sg/55c8e12c665a4ecba6e73f701ea92fb5~tplv-aphluv4xwc-white-pad-v1:200:200.jpeg?lk3s=97278606&x-expires=1779178566&x-signature=ZGzLSFcHBbJ0Zqe97Lj3ff7XwXc%3D&x-signature-webp=hvqSMP8da8w62ujF%2BL%2BBs4cN6hw%3D,Rp2.199.000,4.9,Samsung Official Store
[BARU] OPPO A6t Online Exclusive 4GB+64/128GB & 6GB+128GB (Garansi Resmi),,https://p16-images-sign-sg.tokopedia-static.net/tos-alisg-i-aphluv4xwc-sg/1c3d591e2c2b4ef298fd0c41710d0bf1~tplv-aphluv4xwc-white-pad-v1:200:200.jpeg?lk3s=97278606&x-expires=1779178566&x-signature=wG9x4oPh3Aaeo5VL1ugm51QOC1w%3D&x-signature-webp=Ut3Du5aERU1oQgsWYlBO8bQpqcA%3D,Rp2.049.000,5.0,OPPO Store Indonesia
"TECNO SPARK Go 3 4GB+4GB*/128GB, IP64, 6.75"" HD+, 120Hz Smooth Display, 5000mAh, 15W* Charging, TECNO AI - sparkgo3",,https://p16-images-sign-sg.tokopedia-static.net/tos-alisg-i-aphluv4xwc-sg/f46019ef0985430bb9b1c833352cce48~tplv-aphluv4xwc-white-pad-v1:200:200.jpeg?lk3s=97278606&x-expires=1779178566&x-signature=7kLE53Rc0%2BKPEJg0BErZYRCUk%2BY%3D&x-signature-webp=Q5UHHp6zMbJKvPAl06umWQmP9oc%3D,Rp1.899.000,5.0,TECNO Indonesia Shop
ITEL A100C 3GB 64GB | 4GB 64GB Garansi Resmi AF,,https://p16-images-sign-sg.tokopedia-static.net/tos-alisg-i-aphluv4xwc-sg/ec41416ad78a4745bda4571e53eb144f~tplv-aphluv4xwc-white-pad-v1:200:200.jpeg?lk3s=97278606&x-expires=1779178566&x-signature=QDZsEJYBlGnmH%2FJ0c2MP9j%2FXwtk%3D&x-signature-webp=Xp31ukSU2%2B4Pqrvogy8Q9ejX12A%3D,Rp1.534.190,4.9,AGRES ID
Apple iPhone 15 512GB 256GB 128GB Garansi Resmi - [Digitech MallxCreator],,https://p16-images-common-sign-sg.tokopedia-static.net/tos-maliva-i-o3syd03w52-us/6421ba97a6804f93ac2f069cab9d2a5b~tplv-o3syd03w52-resize-jpeg:200:200.jpeg?lk3s=97278606&x-expires=1779178566&x-signature=hfqip0RkH7Cun5Y%2FwcFRYg7QmH4%3D&x-signature-webp=gPYcRRPE3XWffQkzPXLSBQ1Rxs8%3D,Rp12.533.000,4.9,Digitech Mall
Xiaomi Redmi Note 15 (6/128 GB) | Baterai besar 6000mAh [Xiaomi Official Store],,https://p16-images-sign-sg.tokopedia-static.net/tos-alisg-i-aphluv4xwc-sg/bcd33d3eb899492bbadc29ff12a1b90e~tplv-aphluv4xwc-white-pad-v1:200:200.jpeg?lk3s=97278606&x-expires=1779178566&x-signature=qpczLL9BnSyna12zbCKVdPjLukY%3D&x-signature-webp=7ckjefz35S%2BX%2F7JrtK8zsksxEPg%3D,Rp2.833.950,5.0,Xiaomi Indonesia
itel City 200 NFC IP65 | 6.78” 120Hz Display | 50MP Camera | 5200mAh 18W Fast Charge,,https://p16-images-sign-sg.tokopedia-static.net/tos-alisg-i-aphluv4xwc-sg/e9beb70323b24a13ae6c339603b8ea79~tplv-aphluv4xwc-white-pad-v1:200:200.jpeg?lk3s=97278606&x-expires=1779178566&x-signature=UIHeVfC9xrImyFoxpYe1lP6%2BQ8I%3D&x-signature-webp=SGjw4sDwsWJ7XnfcMGM6EjvGXQI%3D,Rp1.725.000,4.9,Itel Official Store
"Moto G06 Power 128GB RAMBoost 12GB - 6.88"" - 7000mAh - 50MP Pro Mode - DolbyStereo - GorillaGlass3 IP64 - WaterTouch - NFC - Pantone Vegan Leather - Free Charger & Transparent Case",,https://p16-images-sign-sg.tokopedia-static.net/tos-alisg-i-aphluv4xwc-sg/0c6c486dbd8c4c7faa414a611e185de4~tplv-aphluv4xwc-white-pad-v1:200:200.jpeg?lk3s=97278606&x-expires=1779178566&x-signature=PutckFKbR%2FxFCXHbLpXddbXwCA0%3D&x-signature-webp=jbuAQiurWboOtW8Nr6fIjncWhRo%3D,Rp2.025.000,4.9,Motorola Indonesia
Redmi Note 15 5G 8/256GB 12/512GB | 4G 8/128GB Garansi Resmi Xiaomi Indonesia,,https://p16-images-sign-sg.tokopedia-static.net/tos-alisg-i-aphluv4xwc-sg/4e2bf315286d41859002498377ac5478~tplv-aphluv4xwc-white-pad-v1:200:200.jpeg?lk3s=97278606&x-expires=1779178566&x-signature=cawMKq5sKQ5Wqn6J2Upv7dsSVpU%3D&x-signature-webp=7Rv52vo1FBqJRUI82UujfujLJZc%3D,Rp3.030.000,5.0,Digitech Mall
[ RESMI ] Apple iPhone 17 256GB 512GBGaransi Resmi,,https://p16-images-sign-sg.tokopedia-static.net/tos-alisg-i-aphluv4xwc-sg/07c4ea89ebf14501b87a0ffab39ea6db~tplv-aphluv4xwc-white-pad-v1:200:200.jpeg?lk3s=97278606&x-expires=1779178566&x-signature=x6ztKpMS1E6UE8tS5PieFCf3KPE%3D&x-signature-webp=WfBk3SQ7PeoHzDwmUPjTOV%2F9XpU%3D,Rp18.239.000,4.9,Digitech Mall
Samsung Galaxy A56 5G RAM 8/256GB & 12/256GB Resmi SEIN Garansi Indonesia,,https://p16-images-common-sign-sg.tokopedia-static.net/tos-maliva-i-o3syd03w52-us/01d312af11d44436ade1d08f102069c9~tplv-o3syd03w52-resize-jpeg:200:200.jpeg?lk3s=97278606&x-expires=1779178566&x-signature=VFoMgx4RBJWnuLeqvzGf8aWa8EA%3D&x-signature-webp=m9J3z1L1AatmH7MDtyLrzDWoucg%3D,Rp6.187.000,5.0,Digitalisme Store
Xiaomi Redmi 15C 8/256GB 8/128GB Garansi Resmi 1 Tahun,,https://p16-images-common-sign-sg.tokopedia-static.net/tos-maliva-i-o3syd03w52-us/6936f794d3154de08dcdf54a8431fee3~tplv-o3syd03w52-resize-jpeg:200:200.jpeg?lk3s=97278606&x-expires=1779178566&x-signature=0MlAzmLbfcO%2Fr3NYuIYDxuiaE8c%3D&x-signature-webp=tJzSklLQpmeIvAXygHhH4zf5%2BgA%3D,Rp2.186.000,5.0,Distributorponselshop
Infinix Note Edge 5G+ 8/256GB - Up to 16GB Extended RAM - Dimensity 7100 5G - 6.78” 3D Curved Amoled - 50MP - 6500 mAh - NFC,,https://p16-images-sign-sg.tokopedia-static.net/tos-alisg-i-aphluv4xwc-sg/516882a1d96b48d98dfb4223ba5f3f79~tplv-aphluv4xwc-white-pad-v1:200:200.jpeg?lk3s=97278606&x-expires=1779178566&x-signature=mbOLpAOISfvWtVryrj8X6uQwLx8%3D&x-signature-webp=iRUq%2Bh4a4ck87o%2FGCUxany%2FCl70%3D,Rp3.799.000,5.0,Infinix Indonesia
[SPECIAL PRICE] itel City 200 NFC IP65 | 6.78” 120Hz Display | 50MP Camera | 5200mAh 18W Fast Charge,,https://p16-images-sign-sg.tokopedia-static.net/tos-alisg-i-aphluv4xwc-sg/e9beb70323b24a13ae6c339603b8ea79~tplv-aphluv4xwc-white-pad-v1:200:200.jpeg?lk3s=97278606&x-expires=1779178566&x-signature=UIHeVfC9xrImyFoxpYe1lP6%2BQ8I%3D&x-signature-webp=SGjw4sDwsWJ7XnfcMGM6EjvGXQI%3D,Rp1.724.000,4.9,Itel Official Store
[LIVE PRODUCT] ZTE NUBIA A36 4GB/64 GARANSI RESMI - SMARTPHONE/PONSEL,,https://p16-images-sign-sg.tokopedia-static.net/tos-alisg-i-aphluv4xwc-sg/27164e45a69d401ea3fa512a9ce476d9~tplv-aphluv4xwc-white-pad-v1:200:200.jpeg?lk3s=97278606&x-expires=1779178566&x-signature=7UluMfUdcjsmn0ypkWOMrLXs9LQ%3D&x-signature-webp=k%2BA1N0VLglDlRZsCms%2Fu3ANlHLQ%3D,Rp1.624.000,4.9,Mahkota Accessories
"[NEW LAUNCH] vivo V50 Lite 4G (8/128) Borderless Immersive Screen, Sony IMX882, 6500mAh Battery+90W Flashcharge, AI Erase 2.0, All-round Impact Resistance",,https://p16-images-sign-sg.tokopedia-static.net/tos-alisg-i-aphluv4xwc-sg/db9877a8a7b44222ac7ae05634b98eab~tplv-aphluv4xwc-white-pad-v1:200:200.jpeg?lk3s=97278606&x-expires=1779178566&x-signature=9uQOCroL4lQNUmK1%2FaLqs%2BMSfik%3D&x-signature-webp=G7KX55eWjWPt2hJnEgzeH7wO7lE%3D,Rp3.299.000,4.9,vivo Indonesia
vivo y20s ram 8+256 GB Bergaransi Smartphone Kamera,,https://p16-images-sign-sg.tokopedia-static.net/tos-alisg-i-aphluv4xwc-sg/img/VqbcmM/2024/6/5/be1e925e-29d3-42e2-ab7f-045feac018e9.jpg~tplv-aphluv4xwc-white-pad-v1:200:200.jpeg?lk3s=97278606&x-expires=1779178566&x-signature=44bnCuP6Zsg2nLaFklPa4iV4dS0%3D&x-signature-webp=ac0cZHwGSjCPZXTAYZbeAyYEvik%3D,Rp1.199.000,4.5,566store
ZTE NUBIA V80 Max 6GB/128GB 8GB/128GB - Garansi Resmi Nasional,,https://p16-images-sign-sg.tokopedia-static.net/tos-alisg-i-aphluv4xwc-sg/313bc906d210469a929873014d573026~tplv-aphluv4xwc-white-pad-v1:200:200.jpeg?lk3s=97278606&x-expires=1779178566&x-signature=9hQTxbe0pUIs%2Bc4OCCAJihlZZ2s%3D&x-signature-webp=q8wctVyE8FrK2y3DEBR5BprlCD8%3D,Rp2.299.000,4.9,indahponseltamora
[ Mega Deals ] Xiaomi Poco C71 4/128GB Black Blue Gold Garansi Resmi - Original HP Baru Murah - [Digitech MallxCreator],,https://p19-images-common-sign-sg.tokopedia-static.net/tos-maliva-i-o3syd03w52-us/d1605b46710547af950834cea798e609~tplv-o3syd03w52-resize-jpeg:200:200.jpeg?lk3s=97278606&x-expires=1779178566&x-signature=5M%2FXu05Rh5od7lhgBKtvubfDfCQ%3D&x-signature-webp=6EU4mkhJ8ki6CfEY4i43qlvfrtM%3D,Rp1.692.000,4.9,Digitech Mall
Infinix Smart 20 4/64GB - Up to 8GB Extended RAM - Mediatek Helio G81 - 6.78” - 8MP - 5200 mAh - IP64,,https://p16-images-sign-sg.tokopedia-static.net/tos-alisg-i-aphluv4xwc-sg/3cf5f74fc73747589492362082ab7d4b~tplv-aphluv4xwc-white-pad-v1:200:200.jpeg?lk3s=97278606&x-expires=1779178566&x-signature=dO2qToJnAtU7UNbt8vF2nxXxf0o%3D&x-signature-webp=P2h6U3yEzhVTpSiN%2Fk32yW68LCA%3D,Rp1.759.000,5.0,Modern Selular
ZTE NUBIA A36 4+8GB/64 GARANSI RESMI - SMARTPHONE/PONSEL,,https://p16-images-sign-sg.tokopedia-static.net/tos-alisg-i-aphluv4xwc-sg/dffe6bd52eb24f5f84f6505266a901c2~tplv-aphluv4xwc-white-pad-v1:200:200.jpeg?lk3s=97278606&x-expires=1779178566&x-signature=ghQOjbMY7vTz773Kzoy0zETFab8%3D&x-signature-webp=mTBeEHGRmHht4WalERFluclWQfw%3D,Rp1.624.000,4.9,Mahkota Accessories
"Handphone nubia A56 ROM 128GB RAM 12GB (4+8GB) Smartphone Kamera AI 13MP Triple Camera Layar 6.75"" 90Hz, Baterai 5000mAh Fast Charging",,https://p16-images-sign-sg.tokopedia-static.net/tos-alisg-i-aphluv4xwc-sg/6c346825cee249fb85629bbfe7ab9ab0~tplv-aphluv4xwc-white-pad-v1:200:200.jpeg?lk3s=97278606&x-expires=1779178566&x-signature=oDiZaHphMlTp9WkWQxfWtA6%2FZf4%3D&x-signature-webp=CkY3ei3SLW0wqLDNPdxa8TpSLxQ%3D,Rp2.049.000,4.9,nubia Indonesia
XIAOMI REDMI 6A 2GB RAM 16GB INTERNAL GARANSI RESMI TAM,,https://p16-images-sign-sg.tokopedia-static.net/tos-alisg-i-aphluv4xwc-sg/img/VqbcmM/2021/11/18/74caba12-b48e-4779-a4a4-8d4236795660.jpg~tplv-aphluv4xwc-white-pad-v1:200:200.jpeg?lk3s=97278606&x-expires=1779178566&x-signature=wYT%2Bml337bTpmzNQQLJe3OuXFXY%3D&x-signature-webp=ddt%2Bz53lHp31Eqltqsky0eaLgfk%3D,Rp1.399.000,4.9,NenaStore_NEW
New Infinix Hot 30 NFC 8+8/128 GB Garansi Resmi 2023 30i note pro 5g,,https://p19-images-sign-sg.tokopedia-static.net/tos-alisg-i-aphluv4xwc-sg/img/VqbcmM/2023/7/16/e08bf277-f4b3-42a7-9f0d-7fcb41926d29.jpg~tplv-aphluv4xwc-white-pad-v1:200:200.jpeg?lk3s=97278606&x-expires=1779178566&x-signature=3NSUJBcShxg951Dd%2FlyWENzCeCw%3D&x-signature-webp=PX85rzZyD13oGxyl5uKopiNhG8Y%3D,Rp2.099.000,5.0,Zeil store
Infinix Note 60 8/256GB - Up to 16GB Extended RAM - Dimensity 7400 Ultimate - 6.78” 1.5K Amoled - 50MP - 6500 mAh - NFC,,https://p16-images-sign-sg.tokopedia-static.net/tos-alisg-i-aphluv4xwc-sg/618aa62d32364f0a866d9546d574071c~tplv-aphluv4xwc-white-pad-v1:200:200.jpeg?lk3s=97278606&x-expires=1779178566&x-signature=IzhV7VhNcszYEa%2FkZTlPIpF%2B028%3D&x-signature-webp=nsUVn5vn55%2FDdbWy7VJSD0oVPXs%3D,Rp4.699.000,4.9,Infinix Indonesia
REALME NOTE 80 RAM 4+8GB/64GB 4+8GB/128GB GARANSI RESMI - SMARTPHONE/PONSEL,,https://p16-images-sign-sg.tokopedia-static.net/tos-alisg-i-aphluv4xwc-sg/6bbbd3f7a24b4a32b96c984762d4a68b~tplv-aphluv4xwc-white-pad-v1:200:200.jpeg?lk3s=97278606&x-expires=1779178566&x-signature=wnw7gIrDJ9T6X5uKDXU4Mx80S%2FY%3D&x-signature-webp=u789egia0tWww%2BbowPsyA5n7PCM%3D,Rp1.769.000,4.9,Mahkota Accessories
realme Note 70 4GB+8GB*|64GB | Titan Battery 6300mAh | Shock Resistance Military Grade | Ultra Slim Design,,https://p16-images-sign-sg.tokopedia-static.net/tos-alisg-i-aphluv4xwc-sg/f1928dfa60b042f590055b2186d38d2a~tplv-aphluv4xwc-white-pad-v1:200:200.jpeg?lk3s=97278606&x-expires=1779178566&x-signature=oM9nLN4EaXN%2F%2BhY1GV5h97Eap%2FM%3D&x-signature-webp=3UtVaaQjTtv%2FGgIddywCP2G36uQ%3D,Rp1.799.000,4.9,realme Official Indonesia
"Handphone nubia A36 ROM 64GB RAM 12GB (4+8GB) Smartphone Kamera AI 13MP Layar 6.75"" 90Hz, Baterai 5000mAh Fast Charging",,https://p16-images-sign-sg.tokopedia-static.net/tos-alisg-i-aphluv4xwc-sg/f0b63e7b579b4f99a6cdf3530e01e39d~tplv-aphluv4xwc-white-pad-v1:200:200.jpeg?lk3s=97278606&x-expires=1779178566&x-signature=ZjDZMaLOGzu9FwvecnEH4NSYCPw%3D&x-signature-webp=Kwr%2F6l56rgp8EyD5Pvx0IdGhRhQ%3D,Rp1.949.000,4.9,nubia Indonesia
realme note 70 4GB+64GB | 6300mAh Massive Battery | Unisoc T72 I P54 Dust & Water Resistance,,https://p16-images-sign-sg.tokopedia-static.net/tos-alisg-i-aphluv4xwc-sg/6c1f129b8f574ad69f46f700c85ee941~tplv-aphluv4xwc-white-pad-v1:200:200.jpeg?lk3s=97278606&x-expires=1779178566&x-signature=kdvS%2FTPtUF1pfVNReB2wvN5wxng%3D&x-signature-webp=Z%2Fg8Gc1tZNxEgeOBuTCTQyRtjgA%3D,Rp1.799.000,4.9,iDREAMTECH
[New Launch] Infinix Smart 20 4/128GB - Up to 8GB Extended RAM - Mediatek Helio G81 - 6.78” - 8MP - 5200 mAh - IP64,,https://p16-images-sign-sg.tokopedia-static.net/tos-alisg-i-aphluv4xwc-sg/85bd66f9ba7a4014a8fbc7266d7f9d43~tplv-aphluv4xwc-white-pad-v1:200:200.jpeg?lk3s=97278606&x-expires=1779178566&x-signature=x7ePl55719OcdVPlg1g1kwKKBDQ%3D&x-signature-webp=ZoxwfkHL7vpJRzKakrXRPCMkmzw%3D,Rp1.899.000,4.9,Modern Selular
"ADVAN X1 Mediatek Helio G100 8GB+8GB/128GB Layar 6.78"" FHD+ Refresh Rate 120Hz Kamera 64MP Baterai 5000mAh Fast Charging Android 14 Smartphone Gaming Chipset Handphone",,https://p16-images-sign-sg.tokopedia-static.net/tos-alisg-i-aphluv4xwc-sg/1a365985793b496c851dbef005edc640~tplv-aphluv4xwc-white-pad-v1:200:200.jpeg?lk3s=97278606&x-expires=1779178566&x-signature=dGC62A4L178Fvwya861PcP2Ah%2BA%3D&x-signature-webp=5CVrKDRoNv8gZehk05lg5GU3tco%3D,Rp2.019.000,4.9,ADVAN OFFICIAL_NEW
Xiaomi Redmi 5 Plus RAM 4/64 Garansi Distributor 1 Tahun,,https://p16-images-sign-sg.tokopedia-static.net/tos-alisg-i-aphluv4xwc-sg/img/VqbcmM/2025/3/20/10160037-440e-4853-a7f8-e8a2aa627cf9.jpg~tplv-aphluv4xwc-white-pad-v1:200:200.jpeg?lk3s=97278606&x-expires=1779178566&x-signature=JPR4OjyQtZcV7nmXUK%2FS64W%2B8jI%3D&x-signature-webp=Sb1z9G1eOGIlMTSwV4g4nMqlYnw%3D,Rp799.000,4.7,566store
OPPO A6x 4GB/6GB+64GB/128GB/256GB (Garansi Resmi),,https://p16-images-sign-sg.tokopedia-static.net/tos-alisg-i-aphluv4xwc-sg/ca2013c5ebab48deb5fcc97d4aa7681a~tplv-aphluv4xwc-white-pad-v1:200:200.jpeg?lk3s=97278606&x-expires=1779178566&x-signature=DGz82BKRRsnQwKIis4l%2FeCoLe4o%3D&x-signature-webp=aqNGrRQ%2Bv87bKDCSHyiAtVSaVR4%3D,Rp2.299.000,5.0,OPPO Store Indonesia
Vivo HANDPHONE VIVO Y19 8/256GB Dengan Layar 6.53inch Dual Kamera 16MP Baterai 5000mAh,,https://p19-images-sign-sg.tokopedia-static.net/tos-alisg-i-aphluv4xwc-sg/b0ad83cb18214ffb803e02a347668047~tplv-aphluv4xwc-white-pad-v1:200:200.jpeg?lk3s=97278606&x-expires=1779178566&x-signature=%2F0DHz%2BIQvPVrdLgByHH86zxo1wM%3D&x-signature-webp=Zyema1%2BG1zE9JdMpQWPC05lD0mY%3D,Rp1.200.000,5.0,mikostore21
ZTE NUBIA A36 (4+8)GB/64GB 100% ORIGINAL GARANSI RESMI - SMARTPHONE/PONSEL,,https://p16-images-sign-sg.tokopedia-static.net/tos-alisg-i-aphluv4xwc-sg/fd4b31cf8d124be1991281fcd841de81~tplv-aphluv4xwc-white-pad-v1:200:200.jpeg?lk3s=97278606&x-expires=1779178566&x-signature=jNcL13IP7TDLR7GoknA3mp%2BuDbs%3D&x-signature-webp=GUFs%2FNs3ybQ7z8PoLSiC%2Bplhn2Q%3D,Rp1.624.000,4.9,Mahkota Accessories
realme P3 Lite 4GB+8GB | 128GB NFC (6300 mAh Battery | 120Hz Screen | 50 MP AI Camera | Ultra Slim Design 7.79mm),,https://p16-images-sign-sg.tokopedia-static.net/tos-alisg-i-aphluv4xwc-sg/21e1b0f049514037beec746197cd8210~tplv-aphluv4xwc-white-pad-v1:200:200.jpeg?lk3s=97278606&x-expires=1779178566&x-signature=%2Fq126CM1F3PYSfDhQg8a6NXVOVk%3D&x-signature-webp=infYBLBPJcfgbgsFLD9z0ASerXs%3D,Rp2.099.000,4.9,realmeofficialpartner
Infinix Smart 6 2/32 Garansi Resmi,,https://p16-images-sign-sg.tokopedia-static.net/tos-alisg-i-aphluv4xwc-sg/img/VqbcmM/2021/11/17/668a8ad8-9485-47dc-843d-64d312d4419d.jpg~tplv-aphluv4xwc-white-pad-v1:200:200.jpeg?lk3s=97278606&x-expires=1779178566&x-signature=f62ADsAK%2B3gFRkQdoTExqhPGytk%3D&x-signature-webp=FhZIZ%2FMkcm9CokmlB3nWzg9UeCw%3D,Rp1.195.000,5.0,Z-Store Mobile Shop
[ umum ] Apple iphone 17 pro max 256 Garansi Resmi Indonesia,,https://p16-images-sign-sg.tokopedia-static.net/tos-alisg-i-aphluv4xwc-sg/a78fbf5719b54981a1cea3585a10d7cf~tplv-aphluv4xwc-white-pad-v1:200:200.jpeg?lk3s=97278606&x-expires=1779178566&x-signature=ER1Zuqn8v%2Bbs%2FFeSzSrsWvKeSd8%3D&x-signature-webp=CCJFdX12GckZDuK%2FhCjcDjklOEA%3D,Rp31.230.000,4.9,Pusat Grosir Handphone_NEW
Samsung Galaxy A07 4G 4/64GB 4/128GB 6/128GB 8/256GB Helio G99 5000 mAh Garansi Resmi,,https://p16-images-sign-sg.tokopedia-static.net/tos-alisg-i-aphluv4xwc-sg/531364ed312c4a2ba90a753ce87fb632~tplv-aphluv4xwc-white-pad-v1:200:200.jpeg?lk3s=97278606&x-expires=1779178566&x-signature=%2BDJP72ifGsE9rRw1z8mjRDSK434%3D&x-signature-webp=5OQDiga84HcJF4zbKLw8MICaEcA%3D,Rp1.683.000,4.9,Doran Gadget Official
realme c11 2021 2/32gb garansi resmi,,https://p16-images-sign-sg.tokopedia-static.net/tos-alisg-i-aphluv4xwc-sg/img/VqbcmM/2021/8/14/60696a4c-1705-4f75-a3b2-d3c7853c8824.jpg~tplv-aphluv4xwc-white-pad-v1:200:200.jpeg?lk3s=97278606&x-expires=1779178566&x-signature=kQT1uD%2F1%2BI325oFtdUWP%2Bp9uw1w%3D&x-signature-webp=9MnMlWNvKf%2BQLUTwYqyQAkb9AzY%3D,Rp1.300.000,5.0,DHANDPHONE#22
DZL - HP XIAOMI Redmi 15 8/256 8/128 GB NFC Original Garansi Resmi Official Store Handphone Ori,,https://p19-images-sign-sg.tokopedia-static.net/tos-alisg-i-aphluv4xwc-sg/c2c07d1720a94da595e3efc96dd6da62~tplv-aphluv4xwc-white-pad-v1:200:200.jpeg?lk3s=97278606&x-expires=1779178566&x-signature=rsdbYP8cgn0dxFF%2FcbIPgLWqe1c%3D&x-signature-webp=dnviDW41E%2FPtz6TjGX83DDwuBTc%3D,Rp2.699.000,4.9,DZL Official Store
Evercoss M6A 3/16 Ram 3GB Rom 16GB Garansi Resmi,,https://p16-images-sign-sg.tokopedia-static.net/tos-alisg-i-aphluv4xwc-sg/img/VqbcmM/2024/3/4/e625a77e-dd20-4e36-ad35-8da41d40d1b9.jpg~tplv-aphluv4xwc-white-pad-v1:200:200.jpeg?lk3s=97278606&x-expires=1779178566&x-signature=C8rXWlCy5C547XxPxz7RHWbTpTo%3D&x-signature-webp=6kIqd8L28KwQuzUOacO%2BV5%2FYqWU%3D,Rp645.000,4.8,Dunia Komunikasi
